image_name,image_path,lesion_density,texture_roughness,color_variation,lesion_clustering,boundary_irregularity,contour_count
udder1.jpg,test_images\udder1.jpg,0.0114,0.4127,0.3741,0.3658,0.6859,13
udder10.jpg,test_images\udder10.jpg,0.0011,0.5134,0.6229,0.4677,0.6176,3
udder11.jpg,test_images\udder11.jpg,0.0,0.5658,0.7683,,,0
udder12.jpg,test_images\udder12.jpg,0.009,0.5784,0.6828,0.1315,0.3875,2
udder13.jpg,test_images\udder13.jpg,0.0006,0.502,0.8594,,,1
udder14.jpg,test_images\udder14.jpg,0.001,0.5077,0.7841,,0.5686,1
udder15.jpg,test_images\udder15.jpg,0.0,0.3955,0.6861,,,0
udder16.jpg,test_images\udder16.jpg,0.9866,0.4783,0.6066,,0.2162,1
udder17.jpg,test_images\udder17.jpg,0.2767,0.3795,0.3687,0.2697,0.8694,86
udder2.jpg,test_images\udder2.jpg,0.0006,0.4979,0.7709,0.7398,0.4352,3
udder3.jpg,test_images\udder3.jpg,0.0,0.4819,0.6987,,,0
udder4.jpg,test_images\udder4.jpg,0.0001,0.4182,0.9998,,0.4258,1
udder5.jpg,test_images\udder5.jpg,0.0014,0.4255,0.8705,,0.4274,1
udder6.jpg,test_images\udder6.jpg,0.7159,0.4522,0.8115,0.2575,0.6976,8
udder7.jpg,test_images\udder7.jpg,0.0,0.5277,0.5933,,,0
udder8.jpg,test_images\udder8.jpg,0.3926,0.5025,0.5388,0.4612,0.8026,36
udder9.jpg,test_images\udder9.jpg,0.0017,0.5537,0.679,0.3518,0.6125,2
