metric,value,biomarker
total_images_processed,120.0,ALL
successful_extractions,120.0,ALL
failed_extractions,0.0,ALL
count,120.0,lesion_density
missing_count,0.0,lesion_density
missing_pct,0.0,lesion_density
min,0.0,lesion_density
max,0.9622,lesion_density
mean,0.1622,lesion_density
median,0.003,lesion_density
std,0.2869,lesion_density
count,120.0,texture_roughness
missing_count,0.0,texture_roughness
missing_pct,0.0,texture_roughness
min,0.2774,texture_roughness
max,0.5814,texture_roughness
mean,0.4661,texture_roughness
median,0.4862,texture_roughness
std,0.0732,texture_roughness
count,120.0,color_variation
missing_count,0.0,color_variation
missing_pct,0.0,color_variation
min,0.3855,color_variation
max,1.0,color_variation
mean,0.7757,color_variation
median,0.8001,color_variation
std,0.1367,color_variation
count,61.0,lesion_clustering
missing_count,59.0,lesion_clustering
missing_pct,49.17,lesion_clustering
min,0.0,lesion_clustering
max,0.8424,lesion_clustering
mean,0.4193,lesion_clustering
median,0.4112,lesion_clustering
std,0.1867,lesion_clustering
count,74.0,boundary_irregularity
missing_count,46.0,boundary_irregularity
missing_pct,38.33,boundary_irregularity
min,0.242,boundary_irregularity
max,0.9531,boundary_irregularity
mean,0.6671,boundary_irregularity
median,0.6968,boundary_irregularity
std,0.1774,boundary_irregularity
