image_name,image_path,dataset_folder,disease,stage,lesion_density,texture_roughness,color_variation,lesion_clustering,boundary_irregularity,contour_count,extraction_status,error_message
Foot-and-mouth-disease-in-cattle_fmd_000057_jpg.rf.1464fa853af89bc8340f9ae96dad4c9c.jpg,D:\cow_skin_detection\dataset\foot\moderate\Foot-and-mouth-disease-in-cattle_fmd_000057_jpg.rf.1464fa853af89bc8340f9ae96dad4c9c.jpg,foot,Foot and Mouth,moderate,0.5336,0.3677,0.5115,0.1791,0.9531,44,success,
AdobeStock_171446027_Preview_jpeg.rf.d4aa9be919febd84e03ce3ec72d351d1.jpg,D:\cow_skin_detection\dataset\healthy\AdobeStock_171446027_Preview_jpeg.rf.d4aa9be919febd84e03ce3ec72d351d1.jpg,healthy,Healthy,none,0.0,0.4468,0.7969,,,0,success,
AdobeStock_23228077_Preview_jpeg.rf.ca02f82ef5f2b7c8c47c0bf2d864175a.jpg,D:\cow_skin_detection\dataset\healthy\AdobeStock_23228077_Preview_jpeg.rf.ca02f82ef5f2b7c8c47c0bf2d864175a.jpg,healthy,Healthy,none,0.9221,0.4413,0.8169,0.0601,0.5095,3,success,
AdobeStock_356713349_Preview_jpeg.rf.fb8fabe6b7fc681e91631e8f6eea8b5f.jpg,D:\cow_skin_detection\dataset\healthy\AdobeStock_356713349_Preview_jpeg.rf.fb8fabe6b7fc681e91631e8f6eea8b5f.jpg,healthy,Healthy,none,0.577,0.3598,0.8865,0.4303,0.8766,9,success,
AdobeStock_386516856_Preview_jpeg.rf.4c52ed693b52308b92d71927197b67f8.jpg,D:\cow_skin_detection\dataset\healthy\AdobeStock_386516856_Preview_jpeg.rf.4c52ed693b52308b92d71927197b67f8.jpg,healthy,Healthy,none,0.6634,0.4512,0.8461,0.2082,0.8481,7,success,
BrownSwisscattle30.jpg,D:\cow_skin_detection\dataset\healthy\BrownSwisscattle30.jpg,healthy,Healthy,none,0.0,0.5249,0.6983,,,0,success,
BrownSwisscattle71.jpg,D:\cow_skin_detection\dataset\healthy\BrownSwisscattle71.jpg,healthy,Healthy,none,0.9532,0.5658,0.7651,,0.2586,1,success,
HolsteinFriesiancattle12.jpg,D:\cow_skin_detection\dataset\healthy\HolsteinFriesiancattle12.jpg,healthy,Healthy,none,0.4248,0.3865,0.7331,0.3443,0.7436,7,success,
HolsteinFriesiancattle29.jpg,D:\cow_skin_detection\dataset\healthy\HolsteinFriesiancattle29.jpg,healthy,Healthy,none,0.0,0.5156,0.7603,,,0,success,
IMG20240328112705_png_jpg.rf.5dd1cfbdbdb6155840598bf77b20dad0.jpg,D:\cow_skin_detection\dataset\healthy\IMG20240328112705_png_jpg.rf.5dd1cfbdbdb6155840598bf77b20dad0.jpg,healthy,Healthy,none,0.0164,0.5633,0.6307,0.4758,0.7403,5,success,
Jerseycattle12.jpg,D:\cow_skin_detection\dataset\healthy\Jerseycattle12.jpg,healthy,Healthy,none,0.0,0.5091,0.677,,,0,success,
Non-diseased-muzzle-16_jpg.rf.98057d33a6d1b3364ffb9e818116ce1b.jpg,D:\cow_skin_detection\dataset\healthy\Non-diseased-muzzle-16_jpg.rf.98057d33a6d1b3364ffb9e818116ce1b.jpg,healthy,Healthy,none,0.0,0.417,0.9615,,,0,success,
Non-diseased-muzzle-19-with-tongue_jpg.rf.0868c1f859f57fe23895014d17a12fef.jpg,D:\cow_skin_detection\dataset\healthy\Non-diseased-muzzle-19-with-tongue_jpg.rf.0868c1f859f57fe23895014d17a12fef.jpg,healthy,Healthy,none,0.388,0.4501,0.7907,0.6212,0.8161,6,success,
Non-diseased-muzzle-21_jpg.rf.8642fd6df8c3e3726b0ddaeee151f837.jpg,D:\cow_skin_detection\dataset\healthy\Non-diseased-muzzle-21_jpg.rf.8642fd6df8c3e3726b0ddaeee151f837.jpg,healthy,Healthy,none,0.0012,0.3964,0.9553,0.3709,0.4805,5,success,
Non-diseased-muzzle-36-with-tongue_jpg.rf.1b43ed3b408dfa839bef632bd074564f.jpg,D:\cow_skin_detection\dataset\healthy\Non-diseased-muzzle-36-with-tongue_jpg.rf.1b43ed3b408dfa839bef632bd074564f.jpg,healthy,Healthy,none,0.0133,0.4806,0.8968,0.5121,0.7816,13,success,
Normal_Skin_184_png.rf.47cbca58ff17c241ea5cedab091c8cf3.jpg,D:\cow_skin_detection\dataset\healthy\Normal_Skin_184_png.rf.47cbca58ff17c241ea5cedab091c8cf3.jpg,healthy,Healthy,none,0.0,0.5374,0.7914,,,0,success,
RedDanecattle72.jpg,D:\cow_skin_detection\dataset\healthy\RedDanecattle72.jpg,healthy,Healthy,none,0.9326,0.5165,0.8686,0.4141,0.3403,3,success,
imgs128.jpg,D:\cow_skin_detection\dataset\healthy\imgs128.jpg,healthy,Healthy,none,0.0,0.4914,0.5554,,,0,success,
imgs138.jpg,D:\cow_skin_detection\dataset\healthy\imgs138.jpg,healthy,Healthy,none,0.5423,0.5092,0.8172,0.5967,0.9035,4,success,
imgs246.jpg,D:\cow_skin_detection\dataset\healthy\imgs246.jpg,healthy,Healthy,none,0.0,0.5788,0.6074,,,0,success,
imgs476.jpg,D:\cow_skin_detection\dataset\healthy\imgs476.jpg,healthy,Healthy,none,0.0,0.578,0.8178,,,0,success,
mm-171-_jpg.rf.bf877ed1df8837376646826e4c2bbd81.jpg,D:\cow_skin_detection\dataset\healthy\mm-171-_jpg.rf.bf877ed1df8837376646826e4c2bbd81.jpg,healthy,Healthy,none,0.0,0.5001,0.8572,,,0,success,
mm-176-_jpg.rf.3fb40114ccb03ff83274ac7e792deae6.jpg,D:\cow_skin_detection\dataset\healthy\mm-176-_jpg.rf.3fb40114ccb03ff83274ac7e792deae6.jpg,healthy,Healthy,none,0.0,0.4997,0.7559,,,0,success,
mm-215-_jpg.rf.04c311ebf8e5f5dbf0aa04774c8dc785.jpg,D:\cow_skin_detection\dataset\healthy\mm-215-_jpg.rf.04c311ebf8e5f5dbf0aa04774c8dc785.jpg,healthy,Healthy,none,0.0,0.5632,0.8285,,,0,success,
mm-294-_jpg.rf.4f29f4d16ba94b791a738b3ee536af13.jpg,D:\cow_skin_detection\dataset\healthy\mm-294-_jpg.rf.4f29f4d16ba94b791a738b3ee536af13.jpg,healthy,Healthy,none,0.0005,0.5228,0.8331,,,1,success,
mm-314-_jpg.rf.e3a07772f8e982b0d60f48102d5282ac.jpg,D:\cow_skin_detection\dataset\healthy\mm-314-_jpg.rf.e3a07772f8e982b0d60f48102d5282ac.jpg,healthy,Healthy,none,0.0,0.5429,0.7822,,,0,success,
mm-420-_jpg.rf.485724cc1ae41a6cd86d8d50b46183b2.jpg,D:\cow_skin_detection\dataset\healthy\mm-420-_jpg.rf.485724cc1ae41a6cd86d8d50b46183b2.jpg,healthy,Healthy,none,0.6327,0.5211,0.8079,0.4395,0.8132,4,success,
mm-443-_jpg.rf.1debcd3ac6bf99a1bd5204088fa66a2a.jpg,D:\cow_skin_detection\dataset\healthy\mm-443-_jpg.rf.1debcd3ac6bf99a1bd5204088fa66a2a.jpg,healthy,Healthy,none,0.0374,0.5204,0.8773,,0.6797,1,success,
mm-500-_jpg.rf.2652841829c788435625f1d59dbadcd6.jpg,D:\cow_skin_detection\dataset\healthy\mm-500-_jpg.rf.2652841829c788435625f1d59dbadcd6.jpg,healthy,Healthy,none,0.2299,0.4769,0.6542,0.2649,0.7075,8,success,
sapi_a1_5.jpg,D:\cow_skin_detection\dataset\healthy\sapi_a1_5.jpg,healthy,Healthy,none,0.19,0.3625,0.4054,0.4124,0.844,88,success,
temp_file_1700807013093_jpeg_jpg.rf.cb48c6e50998169b9cde77fd7e9b571f.jpg,D:\cow_skin_detection\dataset\healthy\temp_file_1700807013093_jpeg_jpg.rf.cb48c6e50998169b9cde77fd7e9b571f.jpg,healthy,Healthy,none,0.6755,0.5568,0.5408,0.286,0.9145,14,success,
44_jpg.rf.08315a1cc1cfb672f025f87719f16fdc.jpg,D:\cow_skin_detection\dataset\lumpy\early\44_jpg.rf.08315a1cc1cfb672f025f87719f16fdc.jpg,lumpy,Lumpy,early,0.0582,0.3568,0.9674,0.6263,0.6464,15,success,
IMG-20220830-WA0192_jpg.rf.35fce0eee217d48a074aee7fa0a870f4.jpg,D:\cow_skin_detection\dataset\lumpy\early\IMG-20220830-WA0192_jpg.rf.35fce0eee217d48a074aee7fa0a870f4.jpg,lumpy,Lumpy,early,0.0032,0.4568,0.5997,0.7974,0.6572,7,success,
IMG_20220906_172314_jpg.rf.9cc61ff01945371e0b154b09114a4eda.jpg,D:\cow_skin_detection\dataset\lumpy\early\IMG_20220906_172314_jpg.rf.9cc61ff01945371e0b154b09114a4eda.jpg,lumpy,Lumpy,early,0.6978,0.5081,0.8008,0.3386,0.6806,8,success,
IMG_20220906_174431_jpg.rf.2b3e2905d93f7829c42b18c2135db0b5.jpg,D:\cow_skin_detection\dataset\lumpy\early\IMG_20220906_174431_jpg.rf.2b3e2905d93f7829c42b18c2135db0b5.jpg,lumpy,Lumpy,early,0.4726,0.5729,0.6012,0.1387,0.919,73,success,
LS-6_jpg.rf.c626bcd4ed44721908407b06526dce81.jpg,D:\cow_skin_detection\dataset\lumpy\early\LS-6_jpg.rf.c626bcd4ed44721908407b06526dce81.jpg,lumpy,Lumpy,early,0.0175,0.4935,0.6992,0.6677,0.6945,8,success,
aaaaaaaaaa_png_jpg.rf.2c6151b37e8210f9f6b22963a8440df4.jpg,D:\cow_skin_detection\dataset\lumpy\early\aaaaaaaaaa_png_jpg.rf.2c6151b37e8210f9f6b22963a8440df4.jpg,lumpy,Lumpy,early,0.001,0.56,0.6547,,0.5941,1,success,
audfyy_png_jpg.rf.c408b0551ca5807cb6e516af7d3fd499.jpg,D:\cow_skin_detection\dataset\lumpy\early\audfyy_png_jpg.rf.c408b0551ca5807cb6e516af7d3fd499.jpg,lumpy,Lumpy,early,0.0,0.528,0.694,,,0,success,
ergthyjk-57-_jpg.rf.b52b68c3965439f734c88a1a4fa9d683.jpg,D:\cow_skin_detection\dataset\lumpy\early\ergthyjk-57-_jpg.rf.b52b68c3965439f734c88a1a4fa9d683.jpg,lumpy,Lumpy,early,0.0015,0.4819,0.845,0.0,0.7233,2,success,
images-47-1-_png_jpg.rf.575a00a9d6f86b7042ab3257cd93e5f8.jpg,D:\cow_skin_detection\dataset\lumpy\early\images-47-1-_png_jpg.rf.575a00a9d6f86b7042ab3257cd93e5f8.jpg,lumpy,Lumpy,early,0.0,0.5294,0.7838,,,0,success,
images-57-1-_png_jpg.rf.d1c61abafd54ec844ef3fd165ef27c56 - Copy.jpg,D:\cow_skin_detection\dataset\lumpy\early\images-57-1-_png_jpg.rf.d1c61abafd54ec844ef3fd165ef27c56 - Copy.jpg,lumpy,Lumpy,early,0.007,0.5222,0.8001,0.8424,0.6655,3,success,
images-57-1-_png_jpg.rf.d1c61abafd54ec844ef3fd165ef27c56.jpg,D:\cow_skin_detection\dataset\lumpy\early\images-57-1-_png_jpg.rf.d1c61abafd54ec844ef3fd165ef27c56.jpg,lumpy,Lumpy,early,0.007,0.5222,0.8001,0.8424,0.6655,3,success,
img1263.jpg,D:\cow_skin_detection\dataset\lumpy\early\img1263.jpg,lumpy,Lumpy,early,0.0066,0.5479,0.9239,0.5736,0.5732,2,success,
img1290(1).jpg,D:\cow_skin_detection\dataset\lumpy\early\img1290(1).jpg,lumpy,Lumpy,early,0.5705,0.5443,0.6277,0.2496,0.7311,2,success,
img1313.jpg,D:\cow_skin_detection\dataset\lumpy\early\img1313.jpg,lumpy,Lumpy,early,0.3867,0.5488,0.6598,0.3593,0.8776,6,success,
img1457_jpg.rf.0fe1c6a45052b5d274e878811c79b3ad.jpg,D:\cow_skin_detection\dataset\lumpy\early\img1457_jpg.rf.0fe1c6a45052b5d274e878811c79b3ad.jpg,lumpy,Lumpy,early,0.9622,0.5141,0.8689,,0.4118,1,success,
img2390_jpg.rf.83e99c4deb5e1ea4d6b01c6b1cb4e5c5.jpg,D:\cow_skin_detection\dataset\lumpy\early\img2390_jpg.rf.83e99c4deb5e1ea4d6b01c6b1cb4e5c5.jpg,lumpy,Lumpy,early,0.6459,0.4386,0.568,0.5091,0.8729,21,success,
moaz3-110-_png_jpg.rf.40ffed9da5a1560ebcde7773e1ba2275.jpg,D:\cow_skin_detection\dataset\lumpy\early\moaz3-110-_png_jpg.rf.40ffed9da5a1560ebcde7773e1ba2275.jpg,lumpy,Lumpy,early,0.0029,0.5154,0.8521,,0.5118,1,success,
51_jpg.rf.20ef416713948ce8b7f8980e92dfd8cf.jpg,D:\cow_skin_detection\dataset\lumpy\moderate\51_jpg.rf.20ef416713948ce8b7f8980e92dfd8cf.jpg,lumpy,Lumpy,moderate,0.0,0.5277,0.5933,,,0,success,
asd_png_jpg.rf.6ac25c4dfb2ef9d439e197bee5dd3247.jpg,D:\cow_skin_detection\dataset\lumpy\moderate\asd_png_jpg.rf.6ac25c4dfb2ef9d439e197bee5dd3247.jpg,lumpy,Lumpy,moderate,0.0,0.5473,0.9306,,,0,success,
images-15-1-_png_jpg.rf.1dd92448fa0d1bd62e81cde67df6a1e7.jpg,D:\cow_skin_detection\dataset\lumpy\moderate\images-15-1-_png_jpg.rf.1dd92448fa0d1bd62e81cde67df6a1e7.jpg,lumpy,Lumpy,moderate,0.0,0.5814,0.8151,,,0,success,
images-40-1-_png_jpg.rf.9e75ac04ff119d54611db80636660af7.jpg,D:\cow_skin_detection\dataset\lumpy\moderate\images-40-1-_png_jpg.rf.9e75ac04ff119d54611db80636660af7.jpg,lumpy,Lumpy,moderate,0.0,0.5488,0.9457,,,0,success,
moaz3-118-_png_jpg.rf.0f18fc5116c120f974d9800938d158ac.jpg,D:\cow_skin_detection\dataset\lumpy\moderate\moaz3-118-_png_jpg.rf.0f18fc5116c120f974d9800938d158ac.jpg,lumpy,Lumpy,moderate,0.0027,0.4894,0.8793,0.7143,0.7089,3,success,
tyjr_png_jpg.rf.31ff9d095c948f894be1ff1ac3dc8081.jpg,D:\cow_skin_detection\dataset\lumpy\moderate\tyjr_png_jpg.rf.31ff9d095c948f894be1ff1ac3dc8081.jpg,lumpy,Lumpy,moderate,0.0,0.5265,0.7542,,,0,success,
LS-29_JPG_jpg.rf.c4fbfae8b7bc8e170086188483b82854.jpg,D:\cow_skin_detection\dataset\lumpy\severe\LS-29_JPG_jpg.rf.c4fbfae8b7bc8e170086188483b82854.jpg,lumpy,Lumpy,severe,0.0106,0.4588,0.7263,0.2592,0.5825,18,success,
Lumpy_Skin_19_png.rf.7f246816b21724d6d0ac3135fa737e54.jpg,D:\cow_skin_detection\dataset\lumpy\severe\Lumpy_Skin_19_png.rf.7f246816b21724d6d0ac3135fa737e54.jpg,lumpy,Lumpy,severe,0.0049,0.572,0.8739,,0.3539,1,success,
ergthyjk-71-_jpg.rf.22a7fd15b26f1165fd130b6a5e002f18.jpg,D:\cow_skin_detection\dataset\lumpy\severe\ergthyjk-71-_jpg.rf.22a7fd15b26f1165fd130b6a5e002f18.jpg,lumpy,Lumpy,severe,0.0,0.481,0.9096,,,0,success,
ergthyjk-71-_jpg.rf.8fa16f8e345b19d4c2a2bab5ea00ecbd.jpg,D:\cow_skin_detection\dataset\lumpy\severe\ergthyjk-71-_jpg.rf.8fa16f8e345b19d4c2a2bab5ea00ecbd.jpg,lumpy,Lumpy,severe,0.0,0.4689,0.9697,,,0,success,
ergthyjk-74-_jpg.rf.cab5da9cf9cb1e7916edff77e5a0d105.jpg,D:\cow_skin_detection\dataset\lumpy\severe\ergthyjk-74-_jpg.rf.cab5da9cf9cb1e7916edff77e5a0d105.jpg,lumpy,Lumpy,severe,0.0018,0.5069,1.0,0.4,0.3759,2,success,
images-19-2-_png_jpg.rf.d94624fda20f59e8304f8ad830fd523d.jpg,D:\cow_skin_detection\dataset\lumpy\severe\images-19-2-_png_jpg.rf.d94624fda20f59e8304f8ad830fd523d.jpg,lumpy,Lumpy,severe,0.2549,0.5177,0.6666,0.3732,0.8624,12,success,
img1888_jpg.rf.dca9763ff31c1fd516570b0f542f0aad.jpg,D:\cow_skin_detection\dataset\lumpy\severe\img1888_jpg.rf.dca9763ff31c1fd516570b0f542f0aad.jpg,lumpy,Lumpy,severe,0.8559,0.3924,0.6576,0.5689,0.8265,8,success,
Mastitis-12-_jpg.rf.9a89da9b920c3eacf643110077abb11e.jpg,D:\cow_skin_detection\dataset\mastitis\early\Mastitis-12-_jpg.rf.9a89da9b920c3eacf643110077abb11e.jpg,mastitis,Mastitis,early,0.0003,0.461,0.8561,,0.323,1,success,
Mastitis-20-_jpg.rf.a18be42c00e28152b1e57f51143fd583.jpg,D:\cow_skin_detection\dataset\mastitis\early\Mastitis-20-_jpg.rf.a18be42c00e28152b1e57f51143fd583.jpg,mastitis,Mastitis,early,0.003,0.4836,1.0,0.6242,0.7563,5,success,
Mastitis-21-_jpg.rf.998a3f24cf3d42c15778fe3ca2b9d8eb.jpg,D:\cow_skin_detection\dataset\mastitis\early\Mastitis-21-_jpg.rf.998a3f24cf3d42c15778fe3ca2b9d8eb.jpg,mastitis,Mastitis,early,0.7841,0.299,0.7372,0.5511,0.7515,6,success,
Mastitis-29-_jpg.rf.319a069fe3b2af85ad6d82be91b0a2c2.jpg,D:\cow_skin_detection\dataset\mastitis\early\Mastitis-29-_jpg.rf.319a069fe3b2af85ad6d82be91b0a2c2.jpg,mastitis,Mastitis,early,0.002,0.3843,0.8472,0.2813,0.579,4,success,
Mastitis-30-_jpg.rf.57dfb8d6fdd6fb94f612147e7ad14056.jpg,D:\cow_skin_detection\dataset\mastitis\early\Mastitis-30-_jpg.rf.57dfb8d6fdd6fb94f612147e7ad14056.jpg,mastitis,Mastitis,early,0.533,0.5191,0.9347,0.402,0.8613,7,success,
Mastitis-47-_jpg.rf.ccc7719bed9ebd04713fac95611e78eb.jpg,D:\cow_skin_detection\dataset\mastitis\early\Mastitis-47-_jpg.rf.ccc7719bed9ebd04713fac95611e78eb.jpg,mastitis,Mastitis,early,0.0046,0.439,0.8184,0.2689,0.6186,8,success,
Mastitis-51-_jpg.rf.485ecf6a155dd12aa1cc975162e94916.jpg,D:\cow_skin_detection\dataset\mastitis\early\Mastitis-51-_jpg.rf.485ecf6a155dd12aa1cc975162e94916.jpg,mastitis,Mastitis,early,0.0,0.361,0.8294,,,0,success,
Mastitis-52-_jpg.rf.5a1e64acf926c3fd715124154891140a.jpg,D:\cow_skin_detection\dataset\mastitis\early\Mastitis-52-_jpg.rf.5a1e64acf926c3fd715124154891140a.jpg,mastitis,Mastitis,early,0.0412,0.3088,0.6413,0.265,0.8548,9,success,
Mastitis-57-_jpg.rf.03101fd2fa5e91e90a54de82c180140e.jpg,D:\cow_skin_detection\dataset\mastitis\early\Mastitis-57-_jpg.rf.03101fd2fa5e91e90a54de82c180140e.jpg,mastitis,Mastitis,early,0.0031,0.4096,0.7582,0.4225,0.4662,9,success,
Mastitis-57-_jpg.rf.f882c82089523e9ee775ae8d199f1f1a.jpg,D:\cow_skin_detection\dataset\mastitis\early\Mastitis-57-_jpg.rf.f882c82089523e9ee775ae8d199f1f1a.jpg,mastitis,Mastitis,early,0.0031,0.4096,0.7582,0.4225,0.4662,9,success,
Mastitis-58-_jpg.rf.4cd14eadea4aa2ab3c9125e8b5070558.jpg,D:\cow_skin_detection\dataset\mastitis\early\Mastitis-58-_jpg.rf.4cd14eadea4aa2ab3c9125e8b5070558.jpg,mastitis,Mastitis,early,0.7423,0.4955,0.6676,0.2074,0.7826,7,success,
Purple-Teats-with-wedging-overmilking-400x284.jpg,D:\cow_skin_detection\dataset\mastitis\early\Purple-Teats-with-wedging-overmilking-400x284.jpg,mastitis,Mastitis,early,0.0,0.38,0.9705,,,0,success,
WhatsApp Image 2025-11-18 at 10.40.52 PM (1).jpeg,D:\cow_skin_detection\dataset\mastitis\early\WhatsApp Image 2025-11-18 at 10.40.52 PM (1).jpeg,mastitis,Mastitis,early,0.0051,0.4209,0.555,0.7321,0.5712,5,success,
WhatsApp Image 2025-11-18 at 10.40.52 PM (2).jpeg,D:\cow_skin_detection\dataset\mastitis\early\WhatsApp Image 2025-11-18 at 10.40.52 PM (2).jpeg,mastitis,Mastitis,early,0.0,0.3501,0.727,,,0,success,
istockphoto-2235343083-640x640.jpg,D:\cow_skin_detection\dataset\mastitis\early\istockphoto-2235343083-640x640.jpg,mastitis,Mastitis,early,0.0,0.4771,0.5716,,,0,success,
Mastitis-44-_jpg.rf.962dc45d9d51b2c6c49b033542a468e5.jpg,D:\cow_skin_detection\dataset\mastitis\moderate\Mastitis-44-_jpg.rf.962dc45d9d51b2c6c49b033542a468e5.jpg,mastitis,Mastitis,moderate,0.0767,0.3971,0.3855,0.3617,0.784,41,success,
Mastitis-47-_jpg.rf.26931cda6feffdd0e15e8044ee09e1d1.jpg,D:\cow_skin_detection\dataset\mastitis\moderate\Mastitis-47-_jpg.rf.26931cda6feffdd0e15e8044ee09e1d1.jpg,mastitis,Mastitis,moderate,0.0049,0.4941,0.8723,0.2052,0.5718,9,success,
Mastitis-9-_jpg.rf.c836909598b5d06a204ba10b7ed0847b.jpg,D:\cow_skin_detection\dataset\mastitis\moderate\Mastitis-9-_jpg.rf.c836909598b5d06a204ba10b7ed0847b.jpg,mastitis,Mastitis,moderate,0.6947,0.3798,0.7511,0.4091,0.8286,10,success,
Picture12-400x284.jpg,D:\cow_skin_detection\dataset\mastitis\moderate\Picture12-400x284.jpg,mastitis,Mastitis,moderate,0.0,0.4537,0.8131,,,0,success,
Smooth-1-1-e1515372118683-400x284.jpg,D:\cow_skin_detection\dataset\mastitis\moderate\Smooth-1-1-e1515372118683-400x284.jpg,mastitis,Mastitis,moderate,0.0,0.2995,0.8446,,,0,success,
hyp20-e1515373975164-1024x749-1-400x284.jpg,D:\cow_skin_detection\dataset\mastitis\moderate\hyp20-e1515373975164-1024x749-1-400x284.jpg,mastitis,Mastitis,moderate,0.0,0.2774,0.8395,,,0,success,
severe-ringing-blue-teats-congestionKE-e1515291895686-400x284.jpg,D:\cow_skin_detection\dataset\mastitis\moderate\severe-ringing-blue-teats-congestionKE-e1515291895686-400x284.jpg,mastitis,Mastitis,moderate,0.858,0.4221,0.9086,,0.6972,1,success,
Picture16-400x284.jpg,D:\cow_skin_detection\dataset\mastitis\severe\Picture16-400x284.jpg,mastitis,Mastitis,severe,0.0,0.4482,0.6548,,,0,success,
Picture34-400x284.jpg,D:\cow_skin_detection\dataset\mastitis\severe\Picture34-400x284.jpg,mastitis,Mastitis,severe,0.015,0.4573,0.5118,0.2675,0.576,8,success,
Picture4-400x284.jpg,D:\cow_skin_detection\dataset\mastitis\severe\Picture4-400x284.jpg,mastitis,Mastitis,severe,0.0,0.3209,0.6174,,,0,success,
Picture48-1-400x284.jpg,D:\cow_skin_detection\dataset\mastitis\severe\Picture48-1-400x284.jpg,mastitis,Mastitis,severe,0.0,0.3371,0.4023,,,0,success,
Picture52-400x284.jpg,D:\cow_skin_detection\dataset\mastitis\severe\Picture52-400x284.jpg,mastitis,Mastitis,severe,0.0,0.4898,0.5844,,,0,success,
chaps-4.1scabbed-400x284.png,D:\cow_skin_detection\dataset\mastitis\severe\chaps-4.1scabbed-400x284.png,mastitis,Mastitis,severe,0.5128,0.4198,0.848,,0.3112,1,success,
exfol2-400x284.jpg,D:\cow_skin_detection\dataset\mastitis\severe\exfol2-400x284.jpg,mastitis,Mastitis,severe,0.0,0.3449,0.5785,,,0,success,
wet-teat6-1-e1515287995479-400x284.jpg,D:\cow_skin_detection\dataset\mastitis\severe\wet-teat6-1-e1515287995479-400x284.jpg,mastitis,Mastitis,severe,0.0009,0.3933,0.8632,0.5525,0.242,2,success,
-3-_jpg.rf.4f6e2039ab5e754e5004cc0ca6e5903d.jpg,D:\cow_skin_detection\dataset\mouth\early\-3-_jpg.rf.4f6e2039ab5e754e5004cc0ca6e5903d.jpg,mouth,Foot and Mouth,early,0.0064,0.533,0.925,0.2985,0.6965,4,success,
-42-_jpg.rf.af528e1e5981c69e8c8438ffe4e2e5f9.jpg,D:\cow_skin_detection\dataset\mouth\early\-42-_jpg.rf.af528e1e5981c69e8c8438ffe4e2e5f9.jpg,mouth,Foot and Mouth,early,0.24,0.5073,0.8384,0.1159,0.7224,4,success,
moazx-160-_jpg.rf.c3af1cb73850854fe39e938909ce5b15.jpg,D:\cow_skin_detection\dataset\mouth\early\moazx-160-_jpg.rf.c3af1cb73850854fe39e938909ce5b15.jpg,mouth,Foot and Mouth,early,0.0,0.3767,0.9982,,,0,success,
moazx-160-_jpg.rf.cfaa2e5132c0af13deab979d9e557017.jpg,D:\cow_skin_detection\dataset\mouth\early\moazx-160-_jpg.rf.cfaa2e5132c0af13deab979d9e557017.jpg,mouth,Foot and Mouth,early,0.0,0.3873,1.0,,,0,success,
moazx-28-_jpg.rf.40a82b3ec8293e17051cf9fe5c645d1d.jpg,D:\cow_skin_detection\dataset\mouth\early\moazx-28-_jpg.rf.40a82b3ec8293e17051cf9fe5c645d1d.jpg,mouth,Foot and Mouth,early,0.0613,0.5195,0.7701,0.4867,0.7648,15,success,
mosap-365-_jpg.rf.e6a446f54937397e3bea23756784ee15.jpg,D:\cow_skin_detection\dataset\mouth\early\mosap-365-_jpg.rf.e6a446f54937397e3bea23756784ee15.jpg,mouth,Foot and Mouth,early,0.0711,0.536,0.8823,0.6099,0.6757,4,success,
mosap-414-_jpg.rf.47448d11899c671363652b642c1196f4.jpg,D:\cow_skin_detection\dataset\mouth\early\mosap-414-_jpg.rf.47448d11899c671363652b642c1196f4.jpg,mouth,Foot and Mouth,early,0.0115,0.521,0.8755,0.2727,0.4468,3,success,
mosap-81-_jpg.rf.b9ce34e5e2ed0cf331c67fff58cdda26.jpg,D:\cow_skin_detection\dataset\mouth\early\mosap-81-_jpg.rf.b9ce34e5e2ed0cf331c67fff58cdda26.jpg,mouth,Foot and Mouth,early,0.0,0.3686,0.79,,,0,success,
-20-_jpg.rf.254811866974dcc46301f6f4bc947ba9.jpg,D:\cow_skin_detection\dataset\mouth\moderate\-20-_jpg.rf.254811866974dcc46301f6f4bc947ba9.jpg,mouth,Foot and Mouth,moderate,0.0,0.5476,0.8165,,,0,success,
-33-_jpg.rf.40846681f33019bb2ce036dcb06e24fd.jpg,D:\cow_skin_detection\dataset\mouth\moderate\-33-_jpg.rf.40846681f33019bb2ce036dcb06e24fd.jpg,mouth,Foot and Mouth,moderate,0.0,0.5168,0.9032,,,0,success,
-33-_jpg.rf.ea9f802a7a7b52cd43dbe23fc23dc287.jpg,D:\cow_skin_detection\dataset\mouth\moderate\-33-_jpg.rf.ea9f802a7a7b52cd43dbe23fc23dc287.jpg,mouth,Foot and Mouth,moderate,0.0066,0.5052,0.9015,,0.8065,1,success,
FMD-bov-mouth-2-Copy-10-_jpg.rf.58f303588be0dbdc905eb1dfd29281df.jpg,D:\cow_skin_detection\dataset\mouth\moderate\FMD-bov-mouth-2-Copy-10-_jpg.rf.58f303588be0dbdc905eb1dfd29281df.jpg,mouth,Foot and Mouth,moderate,0.0087,0.3572,0.7628,0.4136,0.7185,22,success,
foot-and-mougth-1-_png_jpg.rf.09e5595796b61174e10b45d3d8bd0adc.jpg,D:\cow_skin_detection\dataset\mouth\moderate\foot-and-mougth-1-_png_jpg.rf.09e5595796b61174e10b45d3d8bd0adc.jpg,mouth,Foot and Mouth,moderate,0.0,0.5071,0.6545,,,0,success,
foot-and-mougth-13-_png_jpg.rf.6812f667aa07e1c1f82a9446269a520a.jpg,D:\cow_skin_detection\dataset\mouth\moderate\foot-and-mougth-13-_png_jpg.rf.6812f667aa07e1c1f82a9446269a520a.jpg,mouth,Foot and Mouth,moderate,0.5821,0.4996,0.7653,0.651,0.868,5,success,
foot-and-mougth-14-_jpg.rf.5f0faab5869adf5c533d0e43786b39cd.jpg,D:\cow_skin_detection\dataset\mouth\moderate\foot-and-mougth-14-_jpg.rf.5f0faab5869adf5c533d0e43786b39cd.jpg,mouth,Foot and Mouth,moderate,0.001,0.4086,0.6832,,0.5216,1,success,
foot-and-mougth-21-_png_jpg.rf.0ecb3484bb77a276d225145252370996.jpg,D:\cow_skin_detection\dataset\mouth\moderate\foot-and-mougth-21-_png_jpg.rf.0ecb3484bb77a276d225145252370996.jpg,mouth,Foot and Mouth,moderate,0.0,0.4497,0.7792,,,0,success,
moazx-133-_jpg.rf.f3be6e7e8956b5644e111f652da11a10.jpg,D:\cow_skin_detection\dataset\mouth\moderate\moazx-133-_jpg.rf.f3be6e7e8956b5644e111f652da11a10.jpg,mouth,Foot and Mouth,moderate,0.0125,0.5035,0.87,0.2834,0.416,5,success,
moazx-32-_jpg.rf.7fc5f0a206a6fba990f794d5032777eb.jpg,D:\cow_skin_detection\dataset\mouth\moderate\moazx-32-_jpg.rf.7fc5f0a206a6fba990f794d5032777eb.jpg,mouth,Foot and Mouth,moderate,0.0,0.327,0.8416,,,0,success,
mosap-104-_jpg.rf.081eeea88164533156490ad410c96101.jpg,D:\cow_skin_detection\dataset\mouth\moderate\mosap-104-_jpg.rf.081eeea88164533156490ad410c96101.jpg,mouth,Foot and Mouth,moderate,0.0,0.4889,0.8292,,,0,success,
tongue_3-4_days_WM.jpg,D:\cow_skin_detection\dataset\mouth\moderate\tongue_3-4_days_WM.jpg,mouth,Foot and Mouth,moderate,0.0422,0.4503,0.8365,0.5716,0.8697,9,success,
DSCN8982.JPG,D:\cow_skin_detection\dataset\mouth\severe\DSCN8982.JPG,mouth,Foot and Mouth,severe,0.8311,0.5138,0.5361,0.4112,0.7379,7,success,
Diseased-dental-pad-23_jpg.rf.a5c06996e0026c5d3155ffb7b560e8cf.jpg,D:\cow_skin_detection\dataset\mouth\severe\Diseased-dental-pad-23_jpg.rf.a5c06996e0026c5d3155ffb7b560e8cf.jpg,mouth,Foot and Mouth,severe,0.5721,0.4221,0.7133,0.2794,0.9428,12,success,
Diseased-dental-pad-52_jpg.rf.b9f09aa0e5a6e0610b7fdb7dee89c418.jpg,D:\cow_skin_detection\dataset\mouth\severe\Diseased-dental-pad-52_jpg.rf.b9f09aa0e5a6e0610b7fdb7dee89c418.jpg,mouth,Foot and Mouth,severe,0.0175,0.426,0.6938,0.5027,0.7257,20,success,
FMD_23_jpg.rf.d4506f080c63887651de44967851ac0e.jpg,D:\cow_skin_detection\dataset\mouth\severe\FMD_23_jpg.rf.d4506f080c63887651de44967851ac0e.jpg,mouth,Foot and Mouth,severe,0.0,0.4555,1.0,,,0,success,
FMD__15_jpg.rf.d53c612daded906c33ad91e371e5b54b.jpg,D:\cow_skin_detection\dataset\mouth\severe\FMD__15_jpg.rf.d53c612daded906c33ad91e371e5b54b.jpg,mouth,Foot and Mouth,severe,0.0011,0.4703,0.9215,,0.6117,1,success,
FMD__16_jpg.rf.d0b1082df4b6717360f38bc1654097c5.jpg,D:\cow_skin_detection\dataset\mouth\severe\FMD__16_jpg.rf.d0b1082df4b6717360f38bc1654097c5.jpg,mouth,Foot and Mouth,severe,0.0,0.4926,0.7154,,,0,success,
FMD__5_jpg.rf.d8d47f461fd207901d742de0a52e14ea.jpg,D:\cow_skin_detection\dataset\mouth\severe\FMD__5_jpg.rf.d8d47f461fd207901d742de0a52e14ea.jpg,mouth,Foot and Mouth,severe,0.003,0.3209,0.9689,0.4758,0.5431,11,success,
cm4-5-1WM-1.jpg,D:\cow_skin_detection\dataset\mouth\severe\cm4-5-1WM-1.jpg,mouth,Foot and Mouth,severe,0.0022,0.4727,0.7603,0.3533,0.4968,12,success,
moazx-141-_jpg.rf.1a80f0c8266c0c5aa34297f66da32137.jpg,D:\cow_skin_detection\dataset\mouth\severe\moazx-141-_jpg.rf.1a80f0c8266c0c5aa34297f66da32137.jpg,mouth,Foot and Mouth,severe,0.0042,0.4949,0.9032,,0.6136,1,success,
