biomarker,disease,count,missing_count,missing_pct,min,max,mean,median,std
lesion_density,Healthy,30,0,0.0,0.0,0.9532,0.24,0.0072,0.3346
lesion_density,Lumpy,30,0,0.0,0.0,0.9622,0.1657,0.004,0.294
lesion_density,Mastitis,30,0,0.0,0.0,0.858,0.1428,0.0025,0.2833
lesion_density,Foot and Mouth,30,0,0.0,0.0,0.8311,0.1003,0.0036,0.2204
texture_roughness,Healthy,30,0,0.0,0.3598,0.5788,0.4929,0.5091,0.0625
texture_roughness,Lumpy,30,0,0.0,0.3568,0.5814,0.5087,0.52,0.0512
texture_roughness,Mastitis,30,0,0.0,0.2774,0.5191,0.4045,0.4096,0.0669
texture_roughness,Foot and Mouth,30,0,0.0,0.3209,0.5476,0.4582,0.4808,0.0663
color_variation,Healthy,30,0,0.0,0.4054,0.9615,0.7672,0.7942,0.1258
color_variation,Lumpy,30,0,0.0,0.568,1.0,0.7823,0.8001,0.1298
color_variation,Mastitis,30,0,0.0,0.3855,1.0,0.7383,0.7582,0.1597
color_variation,Foot and Mouth,30,0,0.0,0.5115,1.0,0.8149,0.8329,0.1239
lesion_clustering,Healthy,14,16,53.33,0.0601,0.6212,0.3883,0.4133,0.1505
lesion_clustering,Lumpy,17,13,43.33,0.0,0.8424,0.4859,0.5091,0.2491
lesion_clustering,Mastitis,15,15,50.0,0.2052,0.7321,0.3982,0.402,0.1584
lesion_clustering,Foot and Mouth,15,15,50.0,0.1159,0.651,0.3937,0.4112,0.1573
boundary_irregularity,Healthy,16,14,46.67,0.2586,0.9145,0.7036,0.7626,0.2011
boundary_irregularity,Lumpy,21,9,30.0,0.3539,0.919,0.6636,0.6655,0.1608
boundary_irregularity,Mastitis,18,12,40.0,0.242,0.8613,0.6134,0.5988,0.193
boundary_irregularity,Foot and Mouth,19,11,36.67,0.416,0.9531,0.6911,0.7185,0.1591
